{
  "fio version" : "fio-3.28",
  "timestamp" : 1775540174,
  "timestamp_ms" : 1775540174944,
  "time" : "Tue Apr  7 05:36:14 2026",
  "jobs" : [
    {
      "jobname" : "prepare",
      "groupid" : 0,
      "error" : 0,
      "eta" : 0,
      "elapsed" : 5,
      "job options" : {
        "name" : "prepare",
        "filename" : "/data/ascend_machine_nvme_bw.bin",
        "rw" : "write",
        "bs" : "1M",
        "iodepth" : "32",
        "ioengine" : "libaio",
        "direct" : "1",
        "size" : "16G",
        "numjobs" : "1"
      },
      "read" : {
        "io_bytes" : 0,
        "io_kbytes" : 0,
        "bw_bytes" : 0,
        "bw" : 0,
        "iops" : 0.000000,
        "runtime" : 0,
        "total_ios" : 0,
        "short_ios" : 0,
        "drop_ios" : 0,
        "slat_ns" : {
          "min" : 0,
          "max" : 0,
          "mean" : 0.000000,
          "stddev" : 0.000000,
          "N" : 0
        },
        "clat_ns" : {
          "min" : 0,
          "max" : 0,
          "mean" : 0.000000,
          "stddev" : 0.000000,
          "N" : 0
        },
        "lat_ns" : {
          "min" : 0,
          "max" : 0,
          "mean" : 0.000000,
          "stddev" : 0.000000,
          "N" : 0
        },
        "bw_min" : 0,
        "bw_max" : 0,
        "bw_agg" : 0.000000,
        "bw_mean" : 0.000000,
        "bw_dev" : 0.000000,
        "bw_samples" : 0,
        "iops_min" : 0,
        "iops_max" : 0,
        "iops_mean" : 0.000000,
        "iops_stddev" : 0.000000,
        "iops_samples" : 0
      },
      "write" : {
        "io_bytes" : 17179869184,
        "io_kbytes" : 16777216,
        "bw_bytes" : 4344934037,
        "bw" : 4243099,
        "iops" : 4143.651998,
        "runtime" : 3954,
        "total_ios" : 16384,
        "short_ios" : 0,
        "drop_ios" : 0,
        "slat_ns" : {
          "min" : 34380,
          "max" : 492024,
          "mean" : 48336.291870,
          "stddev" : 15763.985598,
          "N" : 16384
        },
        "clat_ns" : {
          "min" : 1430672,
          "max" : 28070789,
          "mean" : 7669836.853516,
          "stddev" : 1330925.592699,
          "N" : 16384,
          "percentile" : {
            "1.000000" : 6914048,
            "5.000000" : 6979584,
            "10.000000" : 7045120,
            "20.000000" : 7110656,
            "30.000000" : 7176192,
            "40.000000" : 7241728,
            "50.000000" : 7307264,
            "60.000000" : 7372800,
            "70.000000" : 7897088,
            "80.000000" : 8290304,
            "90.000000" : 8454144,
            "95.000000" : 8716288,
            "99.000000" : 11862016,
            "99.500000" : 16187392,
            "99.900000" : 23461888,
            "99.950000" : 27131904,
            "99.990000" : 27656192
          }
        },
        "lat_ns" : {
          "min" : 1540153,
          "max" : 28111719,
          "mean" : 7718381.825806,
          "stddev" : 1330653.894830,
          "N" : 16384
        },
        "bw_min" : 3645440,
        "bw_max" : 4589568,
        "bw_agg" : 99.401601,
        "bw_mean" : 4217709.714286,
        "bw_dev" : 347132.188208,
        "bw_samples" : 7,
        "iops_min" : 3560,
        "iops_max" : 4482,
        "iops_mean" : 4118.857143,
        "iops_stddev" : 338.996278,
        "iops_samples" : 7
      },
      "trim" : {
        "io_bytes" : 0,
        "io_kbytes" : 0,
        "bw_bytes" : 0,
        "bw" : 0,
        "iops" : 0.000000,
        "runtime" : 0,
        "total_ios" : 0,
        "short_ios" : 0,
        "drop_ios" : 0,
        "slat_ns" : {
          "min" : 0,
          "max" : 0,
          "mean" : 0.000000,
          "stddev" : 0.000000,
          "N" : 0
        },
        "clat_ns" : {
          "min" : 0,
          "max" : 0,
          "mean" : 0.000000,
          "stddev" : 0.000000,
          "N" : 0
        },
        "lat_ns" : {
          "min" : 0,
          "max" : 0,
          "mean" : 0.000000,
          "stddev" : 0.000000,
          "N" : 0
        },
        "bw_min" : 0,
        "bw_max" : 0,
        "bw_agg" : 0.000000,
        "bw_mean" : 0.000000,
        "bw_dev" : 0.000000,
        "bw_samples" : 0,
        "iops_min" : 0,
        "iops_max" : 0,
        "iops_mean" : 0.000000,
        "iops_stddev" : 0.000000,
        "iops_samples" : 0
      },
      "sync" : {
        "total_ios" : 0,
        "lat_ns" : {
          "min" : 0,
          "max" : 0,
          "mean" : 0.000000,
          "stddev" : 0.000000,
          "N" : 0
        }
      },
      "job_runtime" : 3953,
      "usr_cpu" : 10.017708,
      "sys_cpu" : 12.522135,
      "ctx" : 16321,
      "majf" : 0,
      "minf" : 9,
      "iodepth_level" : {
        "1" : 0.100000,
        "2" : 0.100000,
        "4" : 0.100000,
        "8" : 0.100000,
        "16" : 0.100000,
        "32" : 99.810791,
        ">=64" : 0.000000
      },
      "iodepth_submit" : {
        "0" : 0.000000,
        "4" : 100.000000,
        "8" : 0.000000,
        "16" : 0.000000,
        "32" : 0.000000,
        "64" : 0.000000,
        ">=64" : 0.000000
      },
      "iodepth_complete" : {
        "0" : 0.000000,
        "4" : 99.993885,
        "8" : 0.000000,
        "16" : 0.000000,
        "32" : 0.100000,
        "64" : 0.000000,
        ">=64" : 0.000000
      },
      "latency_ns" : {
        "2" : 0.000000,
        "4" : 0.000000,
        "10" : 0.000000,
        "20" : 0.000000,
        "50" : 0.000000,
        "100" : 0.000000,
        "250" : 0.000000,
        "500" : 0.000000,
        "750" : 0.000000,
        "1000" : 0.000000
      },
      "latency_us" : {
        "2" : 0.000000,
        "4" : 0.000000,
        "10" : 0.000000,
        "20" : 0.000000,
        "50" : 0.000000,
        "100" : 0.000000,
        "250" : 0.000000,
        "500" : 0.000000,
        "750" : 0.000000,
        "1000" : 0.000000
      },
      "latency_ms" : {
        "2" : 0.103760,
        "4" : 0.128174,
        "10" : 98.132324,
        "20" : 1.257324,
        "50" : 0.378418,
        "100" : 0.000000,
        "250" : 0.000000,
        "500" : 0.000000,
        "750" : 0.000000,
        "1000" : 0.000000,
        "2000" : 0.000000,
        ">=2000" : 0.000000
      },
      "latency_depth" : 32,
      "latency_target" : 0,
      "latency_percentile" : 100.000000,
      "latency_window" : 0
    }
  ],
  "disk_util" : [
    {
      "name" : "nvme0n1",
      "read_ios" : 0,
      "write_ios" : 128186,
      "read_merges" : 0,
      "write_merges" : 0,
      "read_ticks" : 0,
      "write_ticks" : 966620,
      "in_queue" : 966620,
      "util" : 97.313583
    }
  ]
}
