{
  "fio version" : "fio-3.28",
  "timestamp" : 1775540297,
  "timestamp_ms" : 1775540297405,
  "time" : "Tue Apr  7 05:38:17 2026",
  "jobs" : [
    {
      "jobname" : "seqread",
      "groupid" : 0,
      "error" : 0,
      "eta" : 0,
      "elapsed" : 21,
      "job options" : {
        "name" : "seqread",
        "filename" : "/data/ascend_machine_nvme_bw.bin",
        "rw" : "read",
        "bs" : "1M",
        "iodepth" : "32",
        "ioengine" : "libaio",
        "direct" : "1",
        "size" : "16G",
        "runtime" : "20",
        "time_based" : "1",
        "numjobs" : "1"
      },
      "read" : {
        "io_bytes" : 140198805504,
        "io_kbytes" : 136912896,
        "bw_bytes" : 7008538567,
        "bw" : 6844275,
        "iops" : 6683.863227,
        "runtime" : 20004,
        "total_ios" : 133704,
        "short_ios" : 0,
        "drop_ios" : 0,
        "slat_ns" : {
          "min" : 10550,
          "max" : 537885,
          "mean" : 17196.980001,
          "stddev" : 11371.677843,
          "N" : 133704
        },
        "clat_ns" : {
          "min" : 882808,
          "max" : 13629981,
          "mean" : 4768872.288279,
          "stddev" : 1349715.618117,
          "N" : 133704,
          "percentile" : {
            "1.000000" : 2244608,
            "5.000000" : 2867200,
            "10.000000" : 3227648,
            "20.000000" : 3653632,
            "30.000000" : 3981312,
            "40.000000" : 4292608,
            "50.000000" : 4620288,
            "60.000000" : 4947968,
            "70.000000" : 5341184,
            "80.000000" : 5734400,
            "90.000000" : 6455296,
            "95.000000" : 7176192,
            "99.000000" : 8847360,
            "99.500000" : 9633792,
            "99.900000" : 11206656,
            "99.950000" : 11730944,
            "99.990000" : 12648448
          }
        },
        "lat_ns" : {
          "min" : 897218,
          "max" : 13642431,
          "mean" : 4786216.150691,
          "stddev" : 1349650.131109,
          "N" : 133704
        },
        "bw_min" : 6744064,
        "bw_max" : 6967296,
        "bw_agg" : 100.000000,
        "bw_mean" : 6845623.794872,
        "bw_dev" : 82421.997666,
        "bw_samples" : 39,
        "iops_min" : 6586,
        "iops_max" : 6804,
        "iops_mean" : 6685.179487,
        "iops_stddev" : 80.490232,
        "iops_samples" : 39
      },
      "write" : {
        "io_bytes" : 0,
        "io_kbytes" : 0,
        "bw_bytes" : 0,
        "bw" : 0,
        "iops" : 0.000000,
        "runtime" : 0,
        "total_ios" : 0,
        "short_ios" : 0,
        "drop_ios" : 0,
        "slat_ns" : {
          "min" : 0,
          "max" : 0,
          "mean" : 0.000000,
          "stddev" : 0.000000,
          "N" : 0
        },
        "clat_ns" : {
          "min" : 0,
          "max" : 0,
          "mean" : 0.000000,
          "stddev" : 0.000000,
          "N" : 0
        },
        "lat_ns" : {
          "min" : 0,
          "max" : 0,
          "mean" : 0.000000,
          "stddev" : 0.000000,
          "N" : 0
        },
        "bw_min" : 0,
        "bw_max" : 0,
        "bw_agg" : 0.000000,
        "bw_mean" : 0.000000,
        "bw_dev" : 0.000000,
        "bw_samples" : 0,
        "iops_min" : 0,
        "iops_max" : 0,
        "iops_mean" : 0.000000,
        "iops_stddev" : 0.000000,
        "iops_samples" : 0
      },
      "trim" : {
        "io_bytes" : 0,
        "io_kbytes" : 0,
        "bw_bytes" : 0,
        "bw" : 0,
        "iops" : 0.000000,
        "runtime" : 0,
        "total_ios" : 0,
        "short_ios" : 0,
        "drop_ios" : 0,
        "slat_ns" : {
          "min" : 0,
          "max" : 0,
          "mean" : 0.000000,
          "stddev" : 0.000000,
          "N" : 0
        },
        "clat_ns" : {
          "min" : 0,
          "max" : 0,
          "mean" : 0.000000,
          "stddev" : 0.000000,
          "N" : 0
        },
        "lat_ns" : {
          "min" : 0,
          "max" : 0,
          "mean" : 0.000000,
          "stddev" : 0.000000,
          "N" : 0
        },
        "bw_min" : 0,
        "bw_max" : 0,
        "bw_agg" : 0.000000,
        "bw_mean" : 0.000000,
        "bw_dev" : 0.000000,
        "bw_samples" : 0,
        "iops_min" : 0,
        "iops_max" : 0,
        "iops_mean" : 0.000000,
        "iops_stddev" : 0.000000,
        "iops_samples" : 0
      },
      "sync" : {
        "total_ios" : 0,
        "lat_ns" : {
          "min" : 0,
          "max" : 0,
          "mean" : 0.000000,
          "stddev" : 0.000000,
          "N" : 0
        }
      },
      "job_runtime" : 20003,
      "usr_cpu" : 1.114833,
      "sys_cpu" : 11.933210,
      "ctx" : 112487,
      "majf" : 0,
      "minf" : 537,
      "iodepth_level" : {
        "1" : 0.100000,
        "2" : 0.100000,
        "4" : 0.100000,
        "8" : 0.100000,
        "16" : 0.100000,
        "32" : 99.976814,
        ">=64" : 0.000000
      },
      "iodepth_submit" : {
        "0" : 0.000000,
        "4" : 100.000000,
        "8" : 0.000000,
        "16" : 0.000000,
        "32" : 0.000000,
        "64" : 0.000000,
        ">=64" : 0.000000
      },
      "iodepth_complete" : {
        "0" : 0.000000,
        "4" : 99.999252,
        "8" : 0.000000,
        "16" : 0.000000,
        "32" : 0.100000,
        "64" : 0.000000,
        ">=64" : 0.000000
      },
      "latency_ns" : {
        "2" : 0.000000,
        "4" : 0.000000,
        "10" : 0.000000,
        "20" : 0.000000,
        "50" : 0.000000,
        "100" : 0.000000,
        "250" : 0.000000,
        "500" : 0.000000,
        "750" : 0.000000,
        "1000" : 0.000000
      },
      "latency_us" : {
        "2" : 0.000000,
        "4" : 0.000000,
        "10" : 0.000000,
        "20" : 0.000000,
        "50" : 0.000000,
        "100" : 0.000000,
        "250" : 0.000000,
        "500" : 0.000000,
        "750" : 0.000000,
        "1000" : 0.010000
      },
      "latency_ms" : {
        "2" : 0.403877,
        "4" : 30.208520,
        "10" : 69.016634,
        "20" : 0.367977,
        "50" : 0.000000,
        "100" : 0.000000,
        "250" : 0.000000,
        "500" : 0.000000,
        "750" : 0.000000,
        "1000" : 0.000000,
        "2000" : 0.000000,
        ">=2000" : 0.000000
      },
      "latency_depth" : 32,
      "latency_target" : 0,
      "latency_percentile" : 100.000000,
      "latency_window" : 0
    }
  ],
  "disk_util" : [
    {
      "name" : "nvme0n1",
      "read_ios" : 1063791,
      "write_ios" : 0,
      "read_merges" : 0,
      "write_merges" : 0,
      "read_ticks" : 4273024,
      "write_ticks" : 0,
      "in_queue" : 4273024,
      "util" : 99.554755
    }
  ]
}
